<?xml version="1.0" encoding="UTF-8"?>
<uptime xmlns:xsi="http://www.w3.org/2001/XMLSchema-instance"
	xsi:schemaLocation="http://www.uptimesoftware.com/erdc/erdc erdc"
	xmlns="http://www.uptimesoftware.com/erdc/erdc"
	xmlns:upt="http://www.uptimesoftware.com/erdc/erdc" version="4.0" target_grouping="other">
	<class>Apache Status</class>
	<exec>com.uptimesoftware.uptime.erdc.MonitorCustomScriptRunner</exec>
	<elements>
		<element name="process" parameter_type="input" data_type="string" gui_basic="1" range_type="0">
			<control_options> size:40 </control_options>
			<default_value>scripts/MonitorApache.sh</default_value>
			<short_description>Script Name</short_description>
			<long_description>Name of the script/binary/process to be executed by up.time </long_description>
			<validation_rule>
				<alphanumeric/>
			</validation_rule>
			<error_message>
				<alphanumeric>required field</alphanumeric>
			</error_message>
			<gui_type>
				<string/>
			</gui_type>
		</element>
		<element name="args" parameter_type="input" data_type="string" gui_basic="1" range_type="0">
			<control_options> size:40 </control_options>
			<default_value/>
			<short_description>URL to server status</short_description>
			<long_description>Example: http://www.myserver.com/server-status?auto</long_description>
			<validation_rule/>
			<error_message/>
			<gui_type>
				<string/>
			</gui_type>
		</element>
		<group name="g_TotalAccesses" switch="0">
			<short_description>Total Accesses Since Daemon Restart</short_description>
			<long_description>Array</long_description>
			<element name='TotalAccesses' parameter_type='output' data_type='integer'
			gui_basic='1' range_type='0' units=''>
				<control_options>size:8</control_options>
				<default_value></default_value>
				<short_description>Total Accesses Since Daemon Restart</short_description>
				<long_description>Total Accesses Since Daemon Restart</long_description>
				<validation_rule/>
				<error_message/>
				<gui_type>
					<integer/>
				</gui_type>
			</element>
		</group>
		<group name="g_TotalkBytes" switch="0">
			<short_description>Total kBytes Since Daemon Restart</short_description>
			<long_description>Array</long_description>
			<element name='TotalkBytes' parameter_type='output' data_type='integer'
			gui_basic='1' range_type='0' units=''>
				<control_options>size:8</control_options>
				<default_value></default_value>
				<short_description>Total kBytes Since Daemon Restart</short_description>
				<long_description>Total kBytes Since Daemon Restart</long_description>
				<validation_rule/>
				<error_message/>
				<gui_type>
					<integer/>
				</gui_type>
			</element>
		</group>
		<group name="g_CPULoad" switch="0">
			<short_description>CPU Load incurred by HTTP Daemon</short_description>
			<long_description>Array</long_description>
			<element name='CPULoad' parameter_type='output' data_type='integer'
			gui_basic='1' range_type='0' units=''>
				<control_options>size:8</control_options>
				<default_value></default_value>
				<short_description>CPU Load incurred by HTTP Daemon</short_description>
				<long_description>CPU Load incurred HTTP Daemon</long_description>
				<validation_rule/>
				<error_message/>
				<gui_type>
					<integer/>
				</gui_type>
			</element>
		</group>
		<group name="g_Uptime" switch="0">
			<short_description>Uptime for the HTTP Daemon</short_description>
			<long_description>Array</long_description>
			<element name='Uptime' parameter_type='output' data_type='integer'
			gui_basic='1' range_type='0' units=''>
				<control_options>size:8</control_options>
				<default_value></default_value>
				<short_description>Uptime for the HTTP Daemon</short_description>
				<long_description>Uptime for the HTTP Daemon</long_description>
				<validation_rule/>
				<error_message/>
				<gui_type>
					<integer/>
				</gui_type>
			</element>
		</group>
		<group name="g_ReqPerSec" switch="0">
			<short_description>Requests Per Second</short_description>
			<long_description>Array</long_description>
			<element name='ReqPerSec' parameter_type='output' data_type='integer'
			gui_basic='1' range_type='0' units=''>
				<control_options>size:8</control_options>
				<default_value></default_value>
				<short_description>Requests Per Second</short_description>
				<long_description>Requests Per Second</long_description>
				<validation_rule/>
				<error_message/>
				<gui_type>
					<integer/>
				</gui_type>
			</element>
		</group>
		<group name="g_BytesPerSec" switch="0">
			<short_description>Bytes Served Per Second</short_description>
			<long_description>Array</long_description>
			<element name='BytesPerSec' parameter_type='output' data_type='integer'
			gui_basic='1' range_type='0' units=''>
				<control_options>size:8</control_options>
				<default_value></default_value>
				<short_description>Bytes Served Per Second</short_description>
				<long_description>Bytes Served Per Second</long_description>
				<validation_rule/>
				<error_message/>
				<gui_type>
					<integer/>
				</gui_type>
			</element>
		</group>
		<group name="g_BytesPerReq" switch="0">
			<short_description>Bytes Served Per Request</short_description>
			<long_description>Array</long_description>
			<element name='BytesPerReq' parameter_type='output' data_type='integer'
			gui_basic='1' range_type='0' units=''>
				<control_options>size:8</control_options>
				<default_value></default_value>
				<short_description>Bytes Served Per Request</short_description>
				<long_description>Bytes Served Per Request</long_description>
				<validation_rule/>
				<error_message/>
				<gui_type>
					<integer/>
				</gui_type>
			</element>
		</group>
		<group name="g_BusyWorkers" switch="0">
			<short_description>Busy Worker Processes</short_description>
			<long_description>Array</long_description>
			<element name='BusyWorkers' parameter_type='output' data_type='integer'
			gui_basic='1' range_type='0' units=''>
				<control_options>size:8</control_options>
				<default_value></default_value>
				<short_description>Busy Worker Processes</short_description>
				<long_description>Busy Worker Processes</long_description>
				<validation_rule/>
				<error_message/>
				<gui_type>
					<integer/>
				</gui_type>
			</element>
		</group>
		<group name="g_IdleWorkers" switch="0">
			<short_description>Idle Worker Processes</short_description>
			<long_description>Array</long_description>
			<element name='IdleWorkers' parameter_type='output' data_type='integer'
			gui_basic='1' range_type='0' units=''>
				<control_options>size:8</control_options>
				<default_value></default_value>
				<short_description>Idle Worker Processes</short_description>
				<long_description>Idle Worker Processes</long_description>
				<validation_rule/>
				<error_message/>
				<gui_type>
					<integer/>
				</gui_type>
			</element>
		</group>
		<group name="timerresult" switch="0">
			<short_description/>
			<long_description/>
			<element name="timer" parameter_type="output" data_type="integer" gui_basic="0"
				range_type="0" units="ms">
				<control_options>size:8</control_options>
				<default_value/>
				<short_description>Response time</short_description>
				<long_description>Response time in ms</long_description>
				<validation_rule/>
				<error_message/>
				<gui_type>
					<integer/>
				</gui_type>
			</element>
		</group>	
	</elements>
	<help>When running a custom script check, note that the second parameter is always the name of the assigned host.
	The script that's executed should output each variable on it's own line, otherwise up.time won't be able to capture the appropriate information.</help>
</uptime>
